Filename,Run Count,Last Run Date
"E:\01\陈余飞移交\OS-M图纸（与总体确认后的）-综控机\OS-M图纸（与总体确认后的）\综控机-RS422-AD.pdf",3,133025298824703369
"E:\01\Project\七部飞控组合\报告\元器件选用报告",2,133025322628644687
"C:\Users\admin\AppData\Roaming\DingTalk\587991873_v2\AvatarFiles\lADPD2sQuj1ExXXMqsyq_170_170.jpg_60x60q90.jpg",1,133027807875767153
"D:\项目资料\中物院控制舱\XXX控制舱方案设计报告V2.6-20200921.pdf",1,133027807751587465
"D:\项目资料\视频监控系统\XX视频监控系统设计\故障文件\（非密）FT4视频监控系统实验技术条件\~$密）FT4-YCSP火箭试验通用平台视频监控系统鉴定试验大纲20190719.doc",1,133027806548393907
"D:\项目资料\视频监控系统\XX视频监控系统设计\交付文件\（非密）FT4视频监控系统上位机",1,133027806306431016
"D:\安全地面测控模块图纸\03-图纸\第一版\01-原理图\V1.8\Desktop (2)\商业秘密（无加密保护）_安全地面测控模块原理图V1.7-20220608",1,133027805522485704
"E:\backup\OneDrive\文档\器件资料\国产替代\深圳国微电子\深圳国微电子产品手册-2021第一版-20210126.pdf",1,133025381759468867
"D:\项目资料\组-其他\智能串口产品定义\03BU 7月12日产品定义材料-元器件国产化替代方案V1.1-20210708.docx",1,133025379380880588
"E:\backup\OneDrive\文档\器件资料\国产替代\新雷能\新雷能（成都芯片）宣传册20200805.pdf",1,133025371882467009
"E:\01\质量管理\飞控组合质量复查\飞行控制组合标准文档汇总\OSKZ10-7FB1009飞行控制组合元器件选用分析报告.doc",1,133025370641251893
"E:\01\Project\七部飞控组合\报告\设计方案\元器件选用分析报告V1.2-2021.03.26.doc",1,133025323401901234
"E:\01\Project\七部飞控组合\报告\设计方案\元器件选用报告",1,133025323275981986
"E:\backup\OnespaceWork\ZWY\Schemetic\最终版V1.5-20201119-调试\02_中物院控制舱SCH&PCB设计文件V1.5_20201118\03_JKB\01_SCH\JKB_Datasheet\csd18543q3a.pdf",1,133025299610406494
